{
  "bank": "TEB",
  "family": "family_1",
  "created_at": "2026-02-07T19:08:38.778576+04:00",
  "samples_count": 10,
  "expected": {
    "producer": [
      "OpenPDF 1.2.0"
    ],
    "creator": [
      ""
    ],
    "creatortool": [
      ""
    ],
    "pdf_version": [
      "1.4"
    ],
    "xmp_toolkit": [
      ""
    ],
    "pages": [
      "1"
    ],
    "encrypted": [
      "False"
    ],
    "linearized": [
      "False"
    ]
  },
  "ranges": {
    "obj_est": [
      17,
      17
    ],
    "page0_images": [
      2,
      2
    ],
    "fonts_cnt": [
      2,
      2
    ],
    "xobjects_cnt": [
      2,
      2
    ]
  },
  "ignore": [
    "hashes.First 1KB SHA256",
    "hashes.Last  1KB SHA256",
    "hashes.MD5",
    "hashes.SHA256",
    "system.FileAccessDate",
    "system.FileInodeChangeDate",
    "system.FileModifyDate",
    "system.FileName"
  ],
  "notes": ""
}